{"schemaVersion":"1.0","appDefinitionTemplate":{"id":"/providers/Microsoft.PowerApps/apps/","type":"Microsoft.PowerApps/apps","tags":{"primaryDeviceWidth":"1366","primaryDeviceHeight":"768","supportsPortrait":"true","supportsLandscape":"true","primaryFormFactor":"Tablet","publisherVersion":"3.22052.16","minimumRequiredApiVersion":"2.2.0","hasComponent":"false","hasUnlockedComponent":"false","isUnifiedRootApp":"false","sienaVersion":"20220513T140230Z-3.22052.16.0"},"properties":{"appVersion":"2022-05-13T14:02:30Z","lifeCycleId":"Published","createdByClientVersion":{"major":3,"minor":22052,"build":16,"revision":0,"majorRevision":0,"minorRevision":0},"minClientVersion":{"major":3,"minor":22052,"build":16,"revision":0,"majorRevision":0,"minorRevision":0},"backgroundColor":"RGBA(0,176,240,1)","backgroundImageUri":"/18092494450304423459/Ncd52e494-14ba-4396-b38a-0f7bc705df37-logoSmallFile","displayName":"FitTesting","description":"","commitMessage":"","appUris":{"documentUri":{"value":"/18092494450304423459/Nbfc78639-89f2-4e25-9975-d0d423f768d9-document.msapp"},"imageUris":[]},"createdTime":"0001-01-01T00:00:00Z","lastModifiedTime":"0001-01-01T00:00:00Z","sharedGroupsCount":0,"sharedUsersCount":0,"icons":{"smallIconUri":"/18092494450304423459/Nf8418a07-dcb4-4801-9b34-fc9d1513c93e-small.png","mediumIconUri":"/18092494450304423459/N9a9d71f9-6659-4ef5-83ed-4041cc6ce426-medium.png","largeIconUri":"/18092494450304423459/N4c64c819-22bd-4507-99b3-8f4a78e60301-large.png","wideIconUri":"/18092494450304423459/N86280c2f-1c04-4268-b9b7-e517fcb25331-wide.png"},"connectionReferences":{"222663ba-1869-4eb2-a171-08f7524eaa13":{"id":"8961d86c-8301-4bc4-afd1-0614c6942c71","displayName":"Office 365 Users","iconUri":"https://connectoricons-prod.azureedge.net/releases/v1.0.1573/1.0.1573.2770/office365users/icon.png","dataSources":["Office365Users"],"dependencies":[],"dependents":[],"parameterHints":{},"parameterHintsV2":{},"isOnPremiseConnection":false,"bypassConsent":false,"dataSets":{},"apiTier":"Standard","isCustomApiConnection":false,"actions":["UserPhoto","SearchUser"]},"1fc03a92-566f-48bb-8ea1-937e7aedcedf":{"id":"de8d3c2c-b396-4a8d-af30-ba56d9d94f60","displayName":"SQL Server","iconUri":"https://connectoricons-prod.azureedge.net/non_zr_connectors/1.0.1575.2789/sql/icon.png","dataSources":["PA_FITT_Results","PA_FITT_MaskT1","PA_FITT_Masks","PA_FITT_MaskPAPR","PA_FITT_MaskRe","PA_FITT_MaskT2"],"dependencies":[],"dependents":[],"parameterHints":{},"parameterHintsV2":{},"isOnPremiseConnection":false,"sharedConnectionId":"a9c4f389-70e1-4da7-9331-3faf9cb8d0ce","bypassConsent":false,"dataSets":{"wus2-sqldb-svr.database.windows.net,Barne77-Shared":{"dataSources":{"PA_FITT_Results":{"tableName":"[dbo].[PA_FITT_Results]"},"PA_FITT_MaskT1":{"tableName":"[dbo].[PA_FITT_MaskT1]"},"PA_FITT_Masks":{"tableName":"[dbo].[PA_FITT_Masks]"},"PA_FITT_MaskPAPR":{"tableName":"[dbo].[PA_FITT_MaskPAPR]"},"PA_FITT_MaskRe":{"tableName":"[dbo].[PA_FITT_MaskRe]"},"PA_FITT_MaskT2":{"tableName":"[dbo].[PA_FITT_MaskT2]"}}}},"apiTier":"Premium","isCustomApiConnection":false,"authenticationType":"sqlAuthentication","actions":["providers/PowerPlatform.Governance/Operations/Read","providers/PowerPlatform.Governance/Operations/Write"],"endpoints":["wus2-sqldb-svr.database.windows.net,Barne77-Shared"]}},"databaseReferences":{},"almMode":"Environment","performanceOptimizationEnabled":true,"canConsumeAppPass":true,"executionRestrictions":{"isTeamsOnly":false,"dataLossPreventionEvaluationResult":{"status":"Compliant","lastEvaluationDate":"2022-05-12T16:40:05.5748698Z","violations":[],"violationsByPolicy":[],"violationErrorMessage":"The app uses the following connectors: shared_office365users."}}},"appType":"ClassicCanvasApp","appComponents":[]}}